,bi-corrs,RF-imps,RF-Shap,NN-Shap,LR-coefs
C,0.7595180617397196,0.12066167674607303,0.7370085652920575,0.1916682595263507,0.008084230927624983
A,0.6042767729223216,0.007847689218739266,0.23667099797909638,0.1227634427125543,0.0116418708901873
K,0.5908513873065051,0.0175536704719744,0.297086222620732,0.9822482409646224,1.9773459845958898
X,0.9217798236769481,0.8389832423949298,1.8425149604305076,2.508690040138123,2.015807363186011
F,0.9119684555885624,0.01495372116828354,0.2549814974833161,0.026840126707060673,0.008746356279174358
