,bi-corrs,RF-imps,RF-Shap,NN-Shap,LR-coefs
C,0.35947036275284205,0.12899135130177886,0.7187325016628574,0.7986803669202727,0.9984993225563644
A,0.3481927971146692,0.12533401270007258,0.6758872676556306,0.790059226903305,1.0038494682308527
K,0.3645091762111292,0.12146409821913459,0.6930745580080769,0.8145430987674994,0.9985652629136116
X,0.3511814854830408,0.1299855695736608,0.7980962142008975,0.8036013838234893,0.9997431935364749
F,0.331851093226233,0.11854743995567225,0.7098386914570636,0.804008254677973,0.9988794200496748
D,0.3587832344940243,0.1270534294261043,0.5425868517374455,0.7912423354274412,0.9981835873667012
G,0.34794806237385034,0.12464557117133905,0.644044702126693,0.7895683840252149,0.999228439920807
H,0.3567877524397751,0.12397852765223769,0.6524239208266747,0.7918722091081845,0.9964645790207415
