,bi-corrs,RF-imps,RF-Shap,NN-Shap,LR-coefs
C,0.7519281712558021,0.0009340610541865646,0.2192712077866346,0.08511103397066395,0.0036929667706094684
A,0.620136526040994,0.00042405792723958533,0.16473624707690163,0.043653694842261524,0.0004943217332087708
K,0.604530064945566,0.0004910935627544537,0.16884713103071694,0.4006099177552111,0.9981480095648024
X,0.9236899864426098,0.0005525955197552738,0.181121475528142,0.2013033371553562,0.010890523812470396
F,0.9159174392338666,0.0005777381160838154,0.19776119077734552,0.013358628604338193,0.0013500022798625779
D,0.940074815565817,0.0007778769140936947,0.19573740930831254,0.8920563996257648,0.5019127832230975
G,0.9327611803402714,0.0007143477191533509,0.18184785675044918,0.14855597245758875,0.0035547040412718077
H,0.9972104972575833,0.9955282291867332,1.5071476280224114,1.1040809422899374,0.9904978731785486
