,bi-corrs,RF-imps,RF-Shap,NN-Shap,LR-coefs
C,0.7595180617397196,0.0009216392478723239,0.26734887181023276,0.024798778093521368,0.001377621382861149
A,0.6042767729223216,0.00042621299893824894,0.14022473362167084,0.09060229361321659,0.007897838272833413
K,0.5908513873065051,0.0005158777652521007,0.14619479264372745,0.4060065711546743,0.9683635958941141
X,0.9217798236769481,0.0005559206529760396,0.16797891365085255,0.2491390011150484,0.004855693391730144
F,0.9119684555885624,0.0006436818062349813,0.18606896497549688,0.017452315977540017,0.0004525375200425288
D,0.9390932586433985,0.0007855898586199147,0.18819610027878342,0.862393078555486,0.4873960706741729
G,0.9304320465572202,0.0007417260799487092,0.19000528933158645,0.16560976594683602,0.0013824619532406379
H,0.9971957772912069,0.9954093515901578,1.7189016421319951,1.1668856915234522,1.015396584647756
