,bi-corrs,RF-imps,RF-Shap,NN-Shap,LR-coefs
C,0.7519281712558021,0.11375825133580117,0.8714720786730273,0.18263973819695709,0.0011312405172148043
A,0.620136526040994,0.003967517425152305,0.22985179591259397,0.16118857892560887,0.021141009162064357
K,0.604530064945566,0.009892098283903281,0.2375484490350365,1.0620661864446117,2.01251852662737
X,0.9236899864426098,0.013686952111359592,0.24040046087843478,1.0361969342981059,0.9635884258981737
F,0.9159174392338666,0.005404590139044729,0.23674449514125584,0.15494737333462133,0.005087222942563427
G,0.9327611803402714,0.8532905907047389,1.7771021880839193,1.4081054169038945,0.5086281233583891
