,bi-corrs,RF-imps,RF-Shap,NN-Shap,LR-coefs
C,0.7519281712558021,0.09714615236971,0.7262799805880286,0.09985076450203438,0.0072050392039641606
A,0.620136526040994,0.0027787469989466076,0.1924197232410136,0.040151004980155544,0.01298467507364887
K,0.604530064945566,0.01838543625591942,0.4384917912618262,1.0043714196347806,2.0005395475341077
X,0.9236899864426098,0.0020676963706470265,0.22109274392566666,0.23288568872926946,0.0017109403423635726
F,0.9159174392338666,0.0014365119575499134,0.22153294401429696,0.04181878882354321,0.000417030465428923
D,0.940074815565817,0.856395106320102,1.8396046133460409,2.2902272622618773,0.9976164482374261
G,0.9327611803402714,0.021790349727125083,0.22454040745042092,0.181314745491751,0.006000585569247728
