,bi-corrs,RF-imps,RF-Shap,NN-Shap,LR-coefs
C,0.7595180617397196,0.11797195987412441,0.7816200605973835,0.14091554808476112,0.005897435882570715
A,0.6042767729223216,0.003932170667389367,0.1995028422536513,0.03846693655289803,0.07718027386587054
K,0.5908513873065051,0.009850903676641801,0.20917306825155219,1.0927428149380523,1.9462581266306702
X,0.9217798236769481,0.008888087252557667,0.19796838304706713,1.2515441352014016,1.004370596281305
F,0.9119684555885624,0.005571267298624551,0.2009574007083422,0.11490875413706338,0.0028417512434354376
G,0.9304320465572202,0.8537856112306621,1.8321087574428134,1.3922441304049273,0.5048039327256556
