,bi-corrs,RF-imps,RF-Shap,NN-Shap,LR-coefs
C,0.3665917052115918,0.12140598220516793,0.4750920837609292,0.7826956899159502,1.0012207255829775
A,0.34384552614972286,0.12330532618358435,0.6500214412603073,0.7977155821398025,1.0000734479618925
K,0.3535187922789702,0.12079597014851831,0.5619913267128891,0.7990919945334576,0.9999820826921627
X,0.33696380361152034,0.10936890407337493,0.48681347031224237,0.7920250936639635,0.9980501713315478
F,0.3688995004734623,0.13968557785114813,0.593760601644733,0.7795729374261333,1.0007670225650358
D,0.3707651003835927,0.1278841004113896,0.6727585023528485,0.800725418463114,1.0015663907394419
G,0.3591819529953256,0.1321611372629358,0.611575491312783,0.8056788943084189,0.9988440730254763
H,0.3511466549554573,0.12539300186388094,0.85079947774247,0.7922308633545696,1.0010763165040057
