,bi-corrs,RF-imps,RF-Shap,NN-Shap,LR-coefs
C,0.7595180617397196,0.10415282609016369,0.7266646971787171,0.05995431424180648,0.002027044384846502
A,0.6042767729223216,0.002707633094294858,0.18701391172894077,0.10369356758636722,0.027682672589391392
K,0.5908513873065051,0.018417397238567022,0.40381390948492046,0.9988617623417517,1.9712120442342063
X,0.9217798236769481,0.0012453715733753696,0.2389852627423173,0.15664301557694732,0.004694112386649738
F,0.9119684555885624,0.0013513690348973342,0.23434519661906597,0.1071115021364659,0.0008717797052208194
D,0.9390932586433985,0.8579830492439323,1.4945956909881613,2.4200909484258104,0.9988904743031014
G,0.9304320465572202,0.014142353724769324,0.20883706266440985,0.1561011870296561,0.0005577323696557169
